<?xml version="1.0" encoding="UTF-8"?>
<?eclipse version="3.0"?>
<feature
      id="org.dotplot.matrix"
      label="Matrix4.plot"
      version="2.1.1"
      provider-name="Matrix4.plot Team CS@FH-Giessen Germany"
      plugin="org.dotplot.matrix"
      image="dp_32_v0_1.gif"
      primary="true">

   <description url="http://www.dotplot.org/">
      Build DotPlots from textfiles and sourcecodes even from PDFs!
Use the Plot to recognize simularity, copy&amp;paste and duplicated
code. Usage of the Matrix4.plot is very easy but also provides
customized plotting to more advanced users.
   </description>

   <copyright url="http://www.dotplot.org/">
      This plugin is copyright by the Matrix4.plot team at the University of Applied Sciences Giessen-Friedberg, Giessen, Germany.
   </copyright>

   <requires>
      <import plugin="org.eclipse.core.resources"/>
      <import plugin="org.eclipse.core.runtime"/>
      <import plugin="org.eclipse.help"/>
      <import plugin="org.eclipse.ui"/>
   </requires>

   <plugin
         id="org.dotplot.plugin"
         download-size="0"
         install-size="0"
         version="2.1.1"/>

   <plugin
         id="org.dotplot.matrix"
         download-size="0"
         install-size="0"
         version="2.1.1"/>

</feature>
